-- =============================================
-- 库存管理系统基础数据脚本
-- 用于初始化系统演示数据
-- 执行方式: 在inventory_v2数据库创建后执行此脚本
-- =============================================

SET NAMES utf8mb4;
SET CHARACTER SET utf8mb4;

USE `inventory_v2`;

-- =============================================
-- 清空现有数据（可选，谨慎使用）
-- =============================================
-- TRUNCATE TABLE `bus_stock_check_item`;
-- TRUNCATE TABLE `bus_stock_check`;
-- TRUNCATE TABLE `bus_sale_item`;
-- TRUNCATE TABLE `bus_sale_order`;
-- TRUNCATE TABLE `bus_purchase_item`;
-- TRUNCATE TABLE `bus_purchase_order`;
-- TRUNCATE TABLE `stock_record`;
-- TRUNCATE TABLE `stock_main`;
-- TRUNCATE TABLE `base_product_sku`;
-- TRUNCATE TABLE `base_product_spu`;
-- TRUNCATE TABLE `base_category`;
-- TRUNCATE TABLE `base_warehouse`;
-- TRUNCATE TABLE `base_supplier`;
-- TRUNCATE TABLE `base_customer`;

-- =============================================
-- 1. 商品分类数据
-- =============================================
INSERT INTO `base_category` (`id`, `parent_id`, `category_code`, `category_name`, `order_num`, `status`, `create_by`) VALUES
(1, 0, 'ELEC', '电子产品', 1, 1, 'admin'),
(2, 0, 'DAILY', '日用品', 2, 1, 'admin'),
(3, 0, 'FOOD', '食品饮料', 3, 1, 'admin'),
(4, 0, 'CLOTH', '服装鞋帽', 4, 1, 'admin'),
(5, 0, 'HOME', '家居用品', 5, 1, 'admin'),
(6, 1, 'PHONE', '手机通讯', 1, 1, 'admin'),
(7, 1, 'COMPUTER', '电脑办公', 2, 1, 'admin'),
(8, 1, 'DIGITAL', '数码配件', 3, 1, 'admin'),
(9, 2, 'CLEAN', '清洁用品', 1, 1, 'admin'),
(10, 2, 'PERSONAL', '个人护理', 2, 1, 'admin')
ON DUPLICATE KEY UPDATE `category_name` = VALUES(`category_name`);

-- =============================================
-- 2. 仓库数据
-- =============================================
INSERT INTO `base_warehouse` (`id`, `wh_code`, `wh_name`, `address`, `principal`, `status`, `create_by`) VALUES
(1, 'WH001', '主仓库', '北京市朝阳区建国路88号', '张三', 1, 'admin'),
(2, 'WH002', '分仓库', '北京市海淀区中关村大街66号', '李四', 1, 'admin'),
(3, 'WH003', '电商仓', '北京市通州区物流园路1号', '王五', 1, 'admin')
ON DUPLICATE KEY UPDATE `wh_name` = VALUES(`wh_name`);

-- =============================================
-- 3. 供应商数据
-- =============================================
INSERT INTO `base_supplier` (`id`, `sup_code`, `sup_name`, `contact_person`, `phone`, `address`, `bank_account`, `create_by`) VALUES
(1, 'SUP001', '华为技术有限公司', '张经理', '13800138001', '深圳市龙岗区坂田华为基地', '6222021234567890001', 'admin'),
(2, 'SUP002', '小米科技有限公司', '李经理', '13800138002', '北京市海淀区清河中街68号', '6222021234567890002', 'admin'),
(3, 'SUP003', '联想集团有限公司', '王经理', '13800138003', '北京市海淀区上地创业路6号', '6222021234567890003', 'admin'),
(4, 'SUP004', '苹果贸易(上海)有限公司', '赵经理', '13800138004', '上海市浦东新区世纪大道88号', '6222021234567890004', 'admin'),
(5, 'SUP005', '蓝月亮集团有限公司', '孙经理', '13800138005', '广州市黄埔区科学城开源大道', '6222021234567890005', 'admin'),
(6, 'SUP006', '宝洁(中国)有限公司', '周经理', '13800138006', '广州市天河区林和中路', '6222021234567890006', 'admin')
ON DUPLICATE KEY UPDATE `sup_name` = VALUES(`sup_name`);

-- =============================================
-- 4. 客户数据
-- =============================================
INSERT INTO `base_customer` (`id`, `cust_code`, `cust_name`, `contact_person`, `phone`, `address`, `create_by`) VALUES
(1, 'CUST001', '京东商城', '采购部张经理', '13900139001', '北京市亦庄经济技术开发区科创十一街', 'admin'),
(2, 'CUST002', '天猫超市', '采购部李经理', '13900139002', '杭州市余杭区文一西路969号', 'admin'),
(3, 'CUST003', '苏宁易购', '采购部王经理', '13900139003', '南京市玄武区苏宁大道1号', 'admin'),
(4, 'CUST004', '国美电器', '采购部赵经理', '13900139004', '北京市通州区怡乐中路', 'admin'),
(5, 'CUST005', '沃尔玛(中国)', '采购部孙经理', '13900139005', '深圳市福田区福华路', 'admin')
ON DUPLICATE KEY UPDATE `cust_name` = VALUES(`cust_name`);

-- =============================================
-- 5. 商品SPU数据
-- =============================================
INSERT INTO `base_product_spu` (`id`, `spu_code`, `spu_name`, `category_id`, `brand`, `unit`, `status`, `description`, `create_by`) VALUES
(1, 'SPU001', '华为Mate 60 Pro智能手机', 6, '华为', '台', 1, '麒麟9000S芯片，北斗卫星消息，昆仑玻璃', 'admin'),
(2, 'SPU002', '小米14 Ultra智能手机', 6, '小米', '台', 1, '骁龙8 Gen3处理器，徕卡影像系统', 'admin'),
(3, 'SPU003', '苹果iPhone 15 Pro Max', 6, '苹果', '台', 1, 'A17 Pro芯片，钛金属设计', 'admin'),
(4, 'SPU004', 'ThinkPad X1 Carbon笔记本', 7, '联想', '台', 1, '14英寸商务轻薄本，Intel第13代处理器', 'admin'),
(5, 'SPU005', 'MacBook Pro 14英寸', 7, '苹果', '台', 1, 'M3 Pro芯片，Liquid Retina XDR显示屏', 'admin'),
(6, 'SPU006', 'AirPods Pro 2代', 8, '苹果', '副', 1, '主动降噪，自适应通透模式', 'admin'),
(7, 'SPU007', '华为FreeBuds Pro 3', 8, '华为', '副', 1, '智能降噪，高清音频', 'admin'),
(8, 'SPU008', '蓝月亮深层洁净洗衣液', 9, '蓝月亮', '瓶', 1, '深层洁净，温和不伤手', 'admin'),
(9, 'SPU009', '舒肤佳纯白清香沐浴露', 10, '宝洁', '瓶', 1, '持久清香，滋润肌肤', 'admin'),
(10, 'SPU010', '高露洁全效牙膏', 10, '高露洁', '支', 1, '全效保护，清新口气', 'admin')
ON DUPLICATE KEY UPDATE `spu_name` = VALUES(`spu_name`);

-- =============================================
-- 6. 商品SKU数据
-- =============================================
INSERT INTO `base_product_sku` (`id`, `spu_id`, `sku_code`, `sku_name`, `spec_info`, `sale_price`, `cost_price`, `safety_stock`, `create_by`) VALUES
-- 华为Mate 60 Pro
(1, 1, 'SKU001-BLK-256', '华为Mate 60 Pro 黑色 256GB', '{"颜色":"黑色","存储":"256GB"}', 6999.00, 5500.00, 50, 'admin'),
(2, 1, 'SKU001-BLK-512', '华为Mate 60 Pro 黑色 512GB', '{"颜色":"黑色","存储":"512GB"}', 7999.00, 6200.00, 30, 'admin'),
(3, 1, 'SKU001-WHT-256', '华为Mate 60 Pro 白色 256GB', '{"颜色":"白色","存储":"256GB"}', 6999.00, 5500.00, 50, 'admin'),
(4, 1, 'SKU001-WHT-512', '华为Mate 60 Pro 白色 512GB', '{"颜色":"白色","存储":"512GB"}', 7999.00, 6200.00, 30, 'admin'),
-- 小米14 Ultra
(5, 2, 'SKU002-BLK-256', '小米14 Ultra 黑色 256GB', '{"颜色":"黑色","存储":"256GB"}', 5999.00, 4800.00, 40, 'admin'),
(6, 2, 'SKU002-BLK-512', '小米14 Ultra 黑色 512GB', '{"颜色":"黑色","存储":"512GB"}', 6499.00, 5200.00, 30, 'admin'),
(7, 2, 'SKU002-WHT-256', '小米14 Ultra 白色 256GB', '{"颜色":"白色","存储":"256GB"}', 5999.00, 4800.00, 40, 'admin'),
-- 苹果iPhone 15 Pro Max
(8, 3, 'SKU003-NAT-256', 'iPhone 15 Pro Max 原色钛金属 256GB', '{"颜色":"原色钛金属","存储":"256GB"}', 9999.00, 8000.00, 30, 'admin'),
(9, 3, 'SKU003-NAT-512', 'iPhone 15 Pro Max 原色钛金属 512GB', '{"颜色":"原色钛金属","存储":"512GB"}', 11999.00, 9600.00, 20, 'admin'),
(10, 3, 'SKU003-BLU-256', 'iPhone 15 Pro Max 蓝色钛金属 256GB', '{"颜色":"蓝色钛金属","存储":"256GB"}', 9999.00, 8000.00, 30, 'admin'),
-- ThinkPad X1 Carbon
(11, 4, 'SKU004-I7-16-512', 'ThinkPad X1 Carbon i7/16G/512G', '{"处理器":"i7-1365U","内存":"16GB","硬盘":"512GB"}', 13999.00, 11000.00, 20, 'admin'),
(12, 4, 'SKU004-I7-32-1T', 'ThinkPad X1 Carbon i7/32G/1T', '{"处理器":"i7-1365U","内存":"32GB","硬盘":"1TB"}', 16999.00, 13500.00, 10, 'admin'),
-- MacBook Pro 14
(13, 5, 'SKU005-M3P-18-512', 'MacBook Pro 14 M3 Pro/18G/512G', '{"芯片":"M3 Pro","内存":"18GB","硬盘":"512GB"}', 14999.00, 12500.00, 15, 'admin'),
(14, 5, 'SKU005-M3M-36-1T', 'MacBook Pro 14 M3 Max/36G/1T', '{"芯片":"M3 Max","内存":"36GB","硬盘":"1TB"}', 24999.00, 20000.00, 8, 'admin'),
-- AirPods Pro 2
(15, 6, 'SKU006-AP2', 'AirPods Pro 2代 标准版', '{"版本":"标准版"}', 1899.00, 1450.00, 100, 'admin'),
(16, 6, 'SKU006-AP2-MC', 'AirPods Pro 2代 MagSafe充电盒版', '{"版本":"MagSafe充电盒"}', 1999.00, 1520.00, 80, 'admin'),
-- 华为FreeBuds Pro 3
(17, 7, 'SKU007-FB3-BLK', '华为FreeBuds Pro 3 黑色', '{"颜色":"黑色"}', 1499.00, 1100.00, 60, 'admin'),
(18, 7, 'SKU007-FB3-WHT', '华为FreeBuds Pro 3 白色', '{"颜色":"白色"}', 1499.00, 1100.00, 60, 'admin'),
-- 蓝月亮洗衣液
(19, 8, 'SKU008-2L', '蓝月亮洗衣液 2L装', '{"规格":"2L"}', 39.90, 28.00, 200, 'admin'),
(20, 8, 'SKU008-3KG', '蓝月亮洗衣液 3KG装', '{"规格":"3KG"}', 49.90, 35.00, 150, 'admin'),
-- 舒肤佳沐浴露
(21, 9, 'SKU009-400ML', '舒肤佳沐浴露 400ml', '{"规格":"400ml"}', 29.90, 20.00, 300, 'admin'),
(22, 9, 'SKU009-750ML', '舒肤佳沐浴露 750ml', '{"规格":"750ml"}', 45.90, 32.00, 200, 'admin'),
-- 高露洁牙膏
(23, 10, 'SKU010-120G', '高露洁全效牙膏 120g', '{"规格":"120g"}', 15.90, 10.00, 500, 'admin'),
(24, 10, 'SKU010-200G', '高露洁全效牙膏 200g', '{"规格":"200g"}', 22.90, 15.00, 400, 'admin')
ON DUPLICATE KEY UPDATE `sku_name` = VALUES(`sku_name`);

-- =============================================
-- 7. 库存数据（主仓库）
-- =============================================
INSERT INTO `stock_main` (`warehouse_id`, `sku_id`, `quantity`, `frozen_qty`, `batch_no`, `position`) VALUES
-- 主仓库库存
(1, 1, 120.00, 10.00, 'B20240101001', 'A-01-01'),
(1, 2, 80.00, 5.00, 'B20240101001', 'A-01-02'),
(1, 3, 100.00, 8.00, 'B20240101001', 'A-01-03'),
(1, 4, 60.00, 3.00, 'B20240101001', 'A-01-04'),
(1, 5, 90.00, 6.00, 'B20240101002', 'A-02-01'),
(1, 6, 70.00, 4.00, 'B20240101002', 'A-02-02'),
(1, 7, 85.00, 5.00, 'B20240101002', 'A-02-03'),
(1, 8, 45.00, 2.00, 'B20240101003', 'A-03-01'),
(1, 9, 35.00, 1.00, 'B20240101003', 'A-03-02'),
(1, 10, 50.00, 3.00, 'B20240101003', 'A-03-03'),
(1, 11, 30.00, 2.00, 'B20240101004', 'B-01-01'),
(1, 12, 18.00, 1.00, 'B20240101004', 'B-01-02'),
(1, 13, 25.00, 2.00, 'B20240101005', 'B-02-01'),
(1, 14, 12.00, 0.00, 'B20240101005', 'B-02-02'),
(1, 15, 180.00, 15.00, 'B20240101006', 'C-01-01'),
(1, 16, 150.00, 12.00, 'B20240101006', 'C-01-02'),
(1, 17, 100.00, 8.00, 'B20240101007', 'C-02-01'),
(1, 18, 95.00, 7.00, 'B20240101007', 'C-02-02'),
(1, 19, 350.00, 25.00, 'B20240101008', 'D-01-01'),
(1, 20, 280.00, 20.00, 'B20240101008', 'D-01-02'),
(1, 21, 450.00, 30.00, 'B20240101009', 'D-02-01'),
(1, 22, 320.00, 22.00, 'B20240101009', 'D-02-02'),
(1, 23, 800.00, 50.00, 'B20240101010', 'D-03-01'),
(1, 24, 600.00, 40.00, 'B20240101010', 'D-03-02')
ON DUPLICATE KEY UPDATE `quantity` = VALUES(`quantity`);

-- 分仓库库存
INSERT INTO `stock_main` (`warehouse_id`, `sku_id`, `quantity`, `frozen_qty`, `batch_no`, `position`) VALUES
(2, 1, 60.00, 5.00, 'B20240102001', 'A-01-01'),
(2, 2, 40.00, 3.00, 'B20240102001', 'A-01-02'),
(2, 5, 45.00, 4.00, 'B20240102002', 'A-02-01'),
(2, 8, 25.00, 2.00, 'B20240102003', 'A-03-01'),
(2, 15, 100.00, 8.00, 'B20240102004', 'B-01-01'),
(2, 19, 200.00, 15.00, 'B20240102005', 'C-01-01'),
(2, 21, 250.00, 20.00, 'B20240102006', 'C-02-01'),
(2, 23, 400.00, 30.00, 'B20240102007', 'D-01-01')
ON DUPLICATE KEY UPDATE `quantity` = VALUES(`quantity`);

-- =============================================
-- 8. 示例采购订单
-- =============================================
INSERT INTO `bus_purchase_order` (`id`, `purchase_no`, `supplier_id`, `total_amount`, `status`, `applicant_id`, `remark`, `create_by`) VALUES
(1, 'PO202401010001', 1, 359940.00, 2, 1, '首批进货-华为手机', 'admin'),
(2, 'PO202401020001', 2, 239960.00, 2, 1, '首批进货-小米手机', 'admin'),
(3, 'PO202401030001', 5, 15980.00, 1, 1, '日用品补货', 'admin'),
(4, 'PO202401040001', 4, 59994.00, 0, 1, '苹果产品采购', 'admin')
ON DUPLICATE KEY UPDATE `purchase_no` = VALUES(`purchase_no`);

-- 采购订单明细
INSERT INTO `bus_purchase_item` (`purchase_id`, `sku_id`, `sku_code`, `sku_name`, `price`, `quantity`, `total_price`) VALUES
(1, 1, 'SKU001-BLK-256', '华为Mate 60 Pro 黑色 256GB', 5500.00, 30, 165000.00),
(1, 2, 'SKU001-BLK-512', '华为Mate 60 Pro 黑色 512GB', 6200.00, 20, 124000.00),
(1, 3, 'SKU001-WHT-256', '华为Mate 60 Pro 白色 256GB', 5500.00, 10, 55000.00),
(1, 17, 'SKU007-FB3-BLK', '华为FreeBuds Pro 3 黑色', 1100.00, 12, 13200.00),
(1, 18, 'SKU007-FB3-WHT', '华为FreeBuds Pro 3 白色', 1100.00, 8, 8800.00),
(2, 5, 'SKU002-BLK-256', '小米14 Ultra 黑色 256GB', 4800.00, 25, 120000.00),
(2, 6, 'SKU002-BLK-512', '小米14 Ultra 黑色 512GB', 5200.00, 15, 78000.00),
(2, 7, 'SKU002-WHT-256', '小米14 Ultra 白色 256GB', 4800.00, 8, 38400.00),
(2, 17, 'SKU007-FB3-BLK', '华为FreeBuds Pro 3 黑色', 1100.00, 3, 3300.00),
(2, 18, 'SKU007-FB3-WHT', '华为FreeBuds Pro 3 白色', 1100.00, 2, 2200.00),
(3, 19, 'SKU008-2L', '蓝月亮洗衣液 2L装', 28.00, 300, 8400.00),
(3, 21, 'SKU009-400ML', '舒肤佳沐浴露 400ml', 20.00, 350, 7000.00),
(3, 23, 'SKU010-120G', '高露洁全效牙膏 120g', 10.00, 58, 580.00),
(4, 8, 'SKU003-NAT-256', 'iPhone 15 Pro Max 原色钛金属 256GB', 8000.00, 5, 40000.00),
(4, 15, 'SKU006-AP2', 'AirPods Pro 2代 标准版', 1450.00, 10, 14500.00),
(4, 16, 'SKU006-AP2-MC', 'AirPods Pro 2代 MagSafe充电盒版', 1520.00, 3, 4560.00)
ON DUPLICATE KEY UPDATE `total_price` = VALUES(`total_price`);

-- =============================================
-- 9. 示例销售订单
-- =============================================
INSERT INTO `bus_sale_order` (`id`, `sale_no`, `customer_id`, `total_amount`, `status`, `pay_status`, `remark`, `create_by`) VALUES
(1, 'SO202401050001', 1, 209970.00, 2, 2, '京东首批订单', 'admin'),
(2, 'SO202401060001', 2, 59990.00, 1, 1, '天猫订单', 'admin'),
(3, 'SO202401070001', 3, 8990.00, 0, 0, '苏宁小批量订单', 'admin')
ON DUPLICATE KEY UPDATE `sale_no` = VALUES(`sale_no`);

-- 销售订单明细
INSERT INTO `bus_sale_item` (`sale_id`, `sku_id`, `sku_code`, `sku_name`, `price`, `quantity`, `total_price`) VALUES
(1, 1, 'SKU001-BLK-256', '华为Mate 60 Pro 黑色 256GB', 6999.00, 20, 139980.00),
(1, 17, 'SKU007-FB3-BLK', '华为FreeBuds Pro 3 黑色', 1499.00, 30, 44970.00),
(1, 18, 'SKU007-FB3-WHT', '华为FreeBuds Pro 3 白色', 1499.00, 17, 25483.00),
(2, 5, 'SKU002-BLK-256', '小米14 Ultra 黑色 256GB', 5999.00, 10, 59990.00),
(3, 15, 'SKU006-AP2', 'AirPods Pro 2代 标准版', 1899.00, 3, 5697.00),
(3, 19, 'SKU008-2L', '蓝月亮洗衣液 2L装', 39.90, 50, 1995.00),
(3, 23, 'SKU010-120G', '高露洁全效牙膏 120g', 15.90, 82, 1303.80)
ON DUPLICATE KEY UPDATE `total_price` = VALUES(`total_price`);

-- =============================================
-- 10. 库存流水记录
-- =============================================
INSERT INTO `stock_record` (`order_no`, `order_type`, `warehouse_id`, `sku_id`, `change_qty`, `before_qty`, `after_qty`, `batch_no`, `supplier_id`, `operator_id`, `remark`) VALUES
-- 采购入库记录
('PO202401010001', 1, 1, 1, 30.00, 0.00, 30.00, 'B20240101001', 1, 1, '采购入库'),
('PO202401010001', 1, 1, 2, 20.00, 0.00, 20.00, 'B20240101001', 1, 1, '采购入库'),
('PO202401010001', 1, 1, 3, 10.00, 0.00, 10.00, 'B20240101001', 1, 1, '采购入库'),
('PO202401020001', 1, 1, 5, 25.00, 0.00, 25.00, 'B20240101002', 2, 1, '采购入库'),
('PO202401020001', 1, 1, 6, 15.00, 0.00, 15.00, 'B20240101002', 2, 1, '采购入库'),
('PO202401030001', 1, 1, 19, 300.00, 0.00, 300.00, 'B20240101008', 5, 1, '采购入库'),
('PO202401030001', 1, 1, 21, 350.00, 0.00, 350.00, 'B20240101009', 5, 1, '采购入库'),
-- 销售出库记录
('SO202401050001', 2, 1, 1, -10.00, 30.00, 20.00, 'B20240101001', NULL, 1, '销售出库'),
('SO202401050001', 2, 1, 17, -15.00, 20.00, 5.00, 'B20240101007', NULL, 1, '销售出库'),
('SO202401050001', 2, 1, 19, -50.00, 300.00, 250.00, 'B20240101008', NULL, 1, '销售出库')
ON DUPLICATE KEY UPDATE `after_qty` = VALUES(`after_qty`);

-- =============================================
-- 数据初始化完成
-- =============================================
SELECT '基础数据初始化完成！' AS Message;
SELECT CONCAT('商品SPU数量: ', COUNT(*)) AS SPU_Count FROM base_product_spu;
SELECT CONCAT('商品SKU数量: ', COUNT(*)) AS SKU_Count FROM base_product_sku;
SELECT CONCAT('库存记录数量: ', COUNT(*)) AS Stock_Count FROM stock_main;
SELECT CONCAT('供应商数量: ', COUNT(*)) AS Supplier_Count FROM base_supplier;
SELECT CONCAT('客户数量: ', COUNT(*)) AS Customer_Count FROM base_customer;
